iter	RMSE
0	0.0883104193
1	0.08843376588
